{"results": [{"group":"default","name":"Example Benchmark","avgScore":5992.9,"avgScorePerSecond":2397160.0,"stdDevPercentage":53.38158458588481,"stdDev":1279641.9930589963,"best":false,"differenceFromBest":40.75820482404112,"worst":true},{"group":"default","name":"Another Benchmark","avgScore":9835.9,"avgScorePerSecond":3934360.0,"stdDevPercentage":37.494902643718916,"stdDev":1475184.4516534195,"best":false,"differenceFromBest":2.7688809806247527,"worst":false},{"group":"default","name":"Yet Another Benchmark","avgScore":10116.0,"avgScorePerSecond":4046400.0,"stdDevPercentage":12.728191591009436,"stdDev":515033.5445386058,"best":true,"differenceFromBest":0.0,"worst":false}] }