{"results": [{"group":"default","name":"Example Benchmark","avgScore":4128861.3,"stdDevPercentage":2.0464524271515705,"stdDev":84495.18228757188,"best":true,"differenceFromBest":0.0,"worst":false},{"group":"default","name":"Another Benchmark","avgScore":2017169.4,"stdDevPercentage":49.85802127094473,"stdDev":1005720.7485229883,"best":false,"differenceFromBest":51.144655791658586,"worst":false},{"group":"default","name":"Yet Another Benchmark","avgScore":1476013.1,"stdDevPercentage":3.7464924185513713,"stdDev":55298.71888832507,"best":false,"differenceFromBest":64.25132759969438,"worst":true}] }